gen_SMILES,gen_qed,gen_sa,obj,iter
CC(C)CC(=O)Nc1ccc(C(=O)N2CCCCCC2)cc1,0.9218903433017885,1.7114005284026383,2.8980511881063045,0
CC(C)CC(=O)Nc1ccc(C(=O)N2CCCCCC2)cc1,0.9218903433017885,1.7114005284026383,2.8980511881063045,40
CC(C)CC(=O)Nc1ccc(C(=O)N2CCCCCC2)cc1,0.9218903433017885,1.7114005284026383,2.8980511881063045,80
CC(C)CC(=O)Nc1ccc(C(=O)N2CCCCCC2)cc1,0.9218903433017885,1.7114005284026383,2.8980511881063045,120
Cc1ccc(C(=O)NCC(=O)Nc2cccc(Cl)c2C)cc1,0.9087066983654559,1.617650973832406,2.9258825179948733,160
CC(C)CC(=O)Nc1ccc(C(=O)N2CCCCCC2)cc1,0.9218903433017885,1.7114005284026383,2.8980511881063045,199
