gen_SMILES,gen_qed,gen_sa,obj,iter
CC(C)CC(=O)Nc1ccc(C(=O)N2CCCCCC2)cc1,0.9218903433017885,1.7114005284026383,2.8980511881063045,0
Cc1ccc(C(=O)NCC(=O)Nc2ccccc2)cc1C,0.9054565592606842,1.4902926425964456,3.0369901537069754,1
Cc1ccc(C(=O)NCC(=O)Nc2ccccc2)cc1,0.8939817095950925,1.3787425160392122,3.0911660319362504,4
COc1ccc(C(=O)Nc2cccc(C(=O)N3CCCC3)c2)cc1,0.9394818733214427,1.5838923357625934,3.11351703084462,43
