source,data set,string,samples,QED_mean,QED_std,SAS_mean,SAS_std,logP_mean,logP_std,obj_mean,obj_std,valid,unique,% in ZINC moses,% in ZINC250K train,temp unique(1000),seed in temp,arg unique(1000),seed in arg
train Data,ZINC,SMILES,249000.0,0.806451697,0.094907211,2.449389443,0.460108546,2.439767457,0.92754834,1.582869044,0.65732902,1.0,,1.0,1.0,,,,
SMILE_VAEProp_obj,ZINC,SMILES,5000.0,0.8058421217662021,0.0954892062017764,2.436890668668556,0.4526347106819285,2.518606981649442,0.940987674983396,1.5923199401624548,0.6643415636607223,0.9482,0.9995781480700274,21.65013715973833,7.174509390166706,999.0,False,3.0,True
SELF_VAEProp_obj,ZINC,SELFIES,5000.0,0.7895086265868051,0.1239200755848001,2.682871821449989,0.74384735352443,2.4451163520000008,0.9988123375560318,1.2646713114840369,1.0838632874190577,1.0,0.999,15.295295295295295,5.345345345345343,999.0,False,94.0,True
SMILE_VAE,ZINC,SMILES,5000.0,0.8100363989774536,0.0951532152467267,2.411668992651612,0.4623603268772908,2.5078463261874746,0.9216681271131264,1.6385130022356564,0.6686442941592825,0.9516,0.9985287936107607,25.131551252367924,10.334666386023994,1000.0,False,7.0,True
SELF_VAE,ZINC,SELFIES,5000.0,0.7909988852045159,0.1228214684455115,2.693759976923124,0.7688672860622305,2.509160510000001,0.969224580674406,1.2612344490994558,1.090395355377349,1.0,0.9988,13.676411694032842,3.824589507408893,1000.0,False,56.0,True
SMILES_VAE_argmax,ZINC,SMILES,5000.0,0.8500047375832961,0.0442567810037466,1.8568555123213708,0.1818077365131638,2.31812854,0.4778650955838733,2.3931681755951097,0.1819521318658508,1.0,0.0016,50.0,25.0,1000.0,False,6.0,True
SELFIES_VAE_argmax,ZINC,SELFIES,5000.0,0.8236159531685946,0.05557317449474541,2.6645996131674323,0.5813232873975873,3.221002408000002,0.8713497821972016,1.453480152675541,0.5790344807023233,1.0,0.0168,30.952380952380953,7.14285714285714,,,,
