source,data set,string,samples,QED_mean,QED_std,SAS_mean,SAS_std,logP_mean,logP_std,obj_mean,obj_std,valid,unique,% in ZINC moses,% in ZINC250K train,temp unique(1000),seed in temp,arg unique(1000),seed in arg
train Data,ZINC,SMILES,249000,0.806451697,0.094907211,2.449389443,0.460108546,2.439767457,0.92754834,1.582869044,0.65732902,1.0,,1.0,1.0,,,,
VAEProp_obj_w0.1,ZINC,SMILES,5000,0.8080365437220497,0.09507450807070851,2.4340351216842437,0.4502524791867932,2.504273108797281,0.9615765253850185,1.6061475969260046,0.6545083876079137,0.9412,0.9995750106247344,23.022959183673475,8.822278911564629,1000.0,False,3.0,True
VAEProp_obj_w0.5,ZINC,SMILES,5000,0.809253652,0.095182148,2.412202705,0.454962022,2.513438692,0.972045865,1.634065555,0.661516212,0.9542,,23.65275739,8.702033969,1000.0,False,9.0,True
SELF_VAEProp_obj_w0.1,ZINC,SELFIES,5000,0.790562369,0.121620958,2.687220597,0.755371915,2.459835802,0.995696042,1.265591246,1.074965273,1.0,,15.45236189,5.084067254,1000.0,False,89.0,True
SELF_VAEProp_obj_w0.5,ZINC,SELFIES,5000,0.793238756,0.120671493,2.623934137,0.725833538,2.50331731,0.989782398,1.342259644,1.035977183,1.0,0.9994,18.69121473,7.324394637,1000.0,False,19.0,True
